user_id,first_name,last_name,gender,email,phone_number,address,city,country
12346,Harry,Dunphy,Male,hdunphy25@gmail.com,+57-458-196-9791,4333 Holmberg Drive,London,United Kingdom
12347,Sara,Prichett,Female,sprichett@gmail.com,+86-152-249-3011,Sölvhólsgötu 4 1210 Reykjavík,Reykjavík,Iceland
12348,Cameron,Tucker,Male,camtucker@gmail.com,+33-253-671-0468,9 Hansons Center,Turku,Finland
12349,Waverley,Coverdale,Female,wcoverdale2@gmail.com,+886-456-688-3917,96006 Burning Wood Park,Rome,Italy
12350,Handerson,Cottell,Male,hcottell@gmail.com,+63-976-768-7170,27020 Harper Junction,Oslo,Norway
12352,Karen,Challicombe,Female,kchallicombe@gmail.com,+502-467-346-3814,2963 Bluejay Alley,Oslo,Norway
12353,Betty,Blundell,Female,bblundell@yahoo.com,+46-245-341-6550,25326 Walton Pass,Manama,Bahrain
12354,Lambert,Ather,Female,lather@gmail.com,+62-245-628-3217,4 Glendale Plaza,Madrid,Spain
12355,Clover,Potter,Female,cpotter@gmail.com,+7-269-345-3754,99 Thompson Court,Manama,Bahrain
12356,Quinn,Gherardesci,Male,qgherardesci@yahoo.com,+86-149-635-2897,03508 Main Parkway,Brussels,Portugal
12357,Scarface,Louch,Male,slouch@gmail.com,+374-985-930-8841,9 Forest Run Court,Geneva,Switzerland
12358,Yard,Tregale,Male,ytregale@gmail.com,+55-159-679-8934,43 Pleasure Place,Vienna,Austria
12359,Lucho,Mogenot,Female,lmogenot@gmail.com,+62-460-808-7513,77 Bartillon Plaza,Amathus,Cyprus
12360,Chere,Claesens,Female,cclaesens@gmail.com,+63-966-614-5638,241 Kings Drive,Lyon,France
12361,Chrystel,Gall,Female,cgall@gmail.com,+63-835-791-4793,28677 Schlimgen Court,Mons,Belgium
12362,Manon,Cromarty,Female,mcromarty@gmail.com,+86-432-703-9656,85507 Gerald Pass,Brussels,Belgium
12363,Berke,Pires,Male,bpires@gmail.com,+62-638-752-8725,509 Old Gate Avenue,Nice,France
12364,Hewe,Yukhnev,Male,hyukhnev@gmail.com,+380-438-134-1107,36 Northfield Drive,Mons,Belgium
12365,Quincy,Axup,Male,qaxup@gmail.com,+62-193-358-8208,16611 Bultman Way,Larnaca,Cyprus
12367,Darrelle,Bodicam,Male,dbodicam@yahoo.com,+60-145-910-6017,6 Artisan Alley,Copenhagen,Denmark
12368,Pierre,Tuft,Male,ptuft@gmail.com,+7-819-317-3010,0 Dwight Court,Nice,France
12369,Amata,Maxwell,Female,amaxwell@gmail.com,+52-711-712-1112,593 Pepper Wood Park,Linz,Austria
12370,Raffarty,Bartel,Male,rbartel@gmail.com,+62-808-532-8312,0959 Dexter Lane,Manama,Bahrain
12371,Selby,Bartosik,Male,sbartosik@yahoo.com,+55-967-555-7323,8228 Shasta Crossing,France,Spain
12372,Booth,Locker,Male,blocker@gmail.com,+355-409-519-3839,13 Shasta Court,Manama,Bahrain
12373,Brien,Dungate,Male,bdungate@gmail.com,+7-686-138-7309,657 Sycamore Street,Brussels,Portugal
12374,Ransom,Polak,Male,rpolak@gmail.com,+58-269-185-1915,399 Pleasure Road,Geneva,Switzerland
12375,Marjory,Seilmann,Female,mseilmann@yahoo.com,+62-629-155-5463,4 Eastwood Street,Vienna,Austria
12376,Worth,Castledine,Male,wcastledine@gmail.com,+86-857-972-8476,6366 Dennis Center,Amathus,Cyprus
12377,Linus,Cotilard,Male,lcotilard@gmail.com,+1-636-149-1768,5 Homewood Hill,Lyon,France
12378,Gottfried,Scudder,Male,gscudder@gmail.com,+48-763-653-9942,397 Kim Place,Mons,Belgium
12379,Phaidra,Sydney,Female,psydney@gmail.com,+86-631-391-8496,90357 Mandrake Circle,Brussels,Belgium
12380,Adams,Fairnie,Male,afairnie@gmail.com,+503-100-671-6416,590 Sunfield Hill,Nice,France
12381,Salim,Kenway,Male,skenway@gmail.com,+86-358-102-6646,54506 Ramsey Avenue,Istanbul,Turkey
12383,Danette,Simoneton,Female,dsimoneton@gmail.com,+62-374-862-2089,57 Clyde Gallagher Hill,Larnaca,Cyprus
12384,Tabbi,Masic,Female,tmasic@gmail.com,+63-771-357-0545,98 Melby Parkway,London,United Kingdom
12385,Syd,Le Fleming,Male,sle fleming@gmail.com,+86-293-176-6365,903 Loeprich Alley,Reykjavík,Iceland
12386,Demetri,Caldroni,Male,dcaldroni@gmail.com,+880-557-651-3098,4 Leroy Alley,Turku,Finland
12387,Sabra,Plant,Female,splant@gmail.com,+962-108-554-8811,68 Lighthouse Bay Lane,Rome,Italy
12388,Theodora,Bleiman,Female,tbleiman@gmail.com,+54-863-226-6710,66 Morrow Drive,Oslo,Norway
12389,Stepha,Segoe,Agender,ssegoe@gndil.com,+964-539-853-4209,440 Waxwing Lane,Manama,Bahrain
12390,Lesley,Roby,Female,lroby@gmail.com,+351-669-947-6102,83926 Marquette Court,Brussels,Portugal
12391,Damien,Saltrese,Male,dsaltrese@gmail.com,+34-139-459-8468,25398 Vidon Trail,Geneva,Switzerland
12392,Des,Mower,Male,dmower@gmail.com,+86-760-941-1133,8098 Westerfield Trail,Vienna,Austria
12393,Rafe,Plumtree,Male,rplumtree@gmail.com,+62-263-555-5950,2 Kennedy Court,Amathus,Cyprus
12394,Arturo,Castle,Male,acastle@gmail.com,+1-185-265-1049,2 Tony Street,Lyon,France
12395,Tony,Casali,Female,tcasali@gmail.com,+33-262-203-4850,3 Reindahl Place,Mons,Belgium
12396,Nero,Bestwall,Male,nbestwall@gmail.com,+48-289-121-1048,46 Talisman Trail,Madrid,Spain
12398,Raymond,Gorch,Male,rgorch@gmail.com,+86-248-743-7345,08 Steensland Alley,Paris,France
12399,Farah,White,Female,fwhite@gmail.com,+234-959-540-9570,14815 Fordem Center,London,United Kingdom
12400,Noor,Brahid,Female,nbroome@gmail.com,+7-291-914-0313,96284 Bultman Crossing,Istanbul,Turkey
12401,Zenia,Braid,Female,zbraid@gmail.com,+46-974-883-0706,23830 Dapin Alley,Paris,France
12402,Trudie,Marshal,Female,tmarshal@gmail.com,+351-124-750-1653,630 Summit Junction,Manama,Bahrain
12403,Pearle,McVeighty,Female,pmcveighty@gmail.com,+54-142-898-5905,03752 School Circle,Istanbul,Turkey
12404,Vernice,MacKibbon,Female,vmackibbon@gmail.com,+33-296-212-2189,2180 Pawling Court,London,United Kingdom
12405,Viki,Atwel,Female,vatwel@gmail.com,+84-434-999-4730,08 Scoville Park,London,United Kingdom
12406,Raviv,Patching,Male,rpatching@gmail.com,+502-904-749-8128,0 Prentice Court,Mons,Belgium
12407,Blayne,MacGibbon,Male,bmacgibbon@gmail.com,+385-406-193-7725,9874 Sherman Circle,Brussels,Belgium
12408,Christalle,Toombs,Bigender,ctoombs@gndil.com,+86-971-761-4273,5557 Springview Center,Nice,France
12409,Linnet,Hedger,Female,lhedger@gmail.com,+507-821-600-4881,9603 Hermina Place,Mons,Belgium
12410,Sonny,Ostick,Male,sostick@gmail.com,+33-191-330-3772,716 Talisman Trail,Larnaca,Cyprus
12411,Tabbatha,Chstney,Female,tchstney@gmail.com,+93-533-473-0649,80 Rockefeller Circle,Copenhagen,Denmark
12413,Zedekiah,Wreakes,Male,zwreakes@gmail.com,+86-406-479-2228,76 Arizona Hill,Paris,France
12414,Helga,Denholm,Female,hdenholm@gmail.com,+27-614-678-4585,8 Havey Hill,London,United Kingdom
12415,Nealy,Kulvear,Male,nkulvear@gmail.com,+63-913-207-9363,5389 Gale Terrace,London,United Kingdom
12416,Sallee,Duplan,Female,sduplan@gmail.com,+351-822-410-5679,2 Sugar Plaza,London,United Kingdom
